Age,Gender,City,Monthly_Income,Purchased
,Male,,"25,000",1
52,Male,Mumbai,"25,000",0
31,Male,Delhi,,1
33,Male,Pune,"85,000",1
54,Male,Delhi,"25,000",1
43,Male,Delhi,,0
26,Female,Mumbai,"40,000",0
54,Female,Pune,"45,000",1
54,Male,Mumbai,"35,000",1
22,Male,Pune,"50,000",0
52,,Mumbai,"90,000",1
47,Female,,,1
33,Male,Pune,"65,000",1
39,Female,Mumbai,"30,000",1
44,Male,Mumbai,"40,000",0
44,Male,Pune,"30,000",0
54,Female,Mumbai,"75,000",1
55,Female,Delhi,"30,000",0
48,Male,Delhi,,1
46,Female,Pune,"80,000",0
40,Male,Mumbai,"75,000",1
25,Female,Delhi,"50,000",0
26,Male,Mumbai,"80,000",0
,Male,Delhi,"90,000",1
35,Male,Mumbai,"60,000",0
40,,Delhi,"40,000",1
27,Male,Pune,"55,000",1
,Male,Mumbai,"65,000",1
44,Female,Pune,"70,000",0
50,Male,Mumbai,"80,000",1
43,Male,Mumbai,"80,000",1
22,Male,,"45,000",1
56,Male,Delhi,"20,000",1
52,Male,,"20,000",1
31,Female,Delhi,"60,000",0
56,,Mumbai,"35,000",1
49,Female,Mumbai,"95,000",1
27,Male,Pune,"70,000",0
48,Male,Pune,,1
,Female,Delhi,"20,000",0
37,Male,Pune,"60,000",1
28,Female,Delhi,"1,00,000",1
,Male,Delhi,"80,000",0
32,Male,Pune,"95,000",1
19,Male,Mumbai,"95,000",1
,Female,Mumbai,"75,000",0
41,Male,Delhi,"35,000",1
30,Female,Delhi,"95,000",1
57,,Mumbai,"75,000",1
23,Male,Mumbai,"50,000",0
29,Female,Pune,,1
43,Female,Mumbai,,0
28,Male,Delhi,"40,000",0
47,Male,Pune,"95,000",1
40,Male,Pune,"40,000",1
59,Male,Pune,"40,000",1
30,Male,Delhi,"60,000",1
50,Male,Pune,"70,000",1
44,Male,Delhi,"75,000",0
60,Female,Pune,"40,000",1
51,,Mumbai,"45,000",1
27,Male,Delhi,"95,000",1
25,Male,Mumbai,"1,00,000",1
48,Male,Pune,"25,000",1
35,,,"1,00,000",1
19,Male,Mumbai,"70,000",0
50,Male,Pune,"60,000",1
52,Female,Pune,"55,000",1
34,Male,Mumbai,"40,000",1
43,Female,Mumbai,"30,000",0
45,Male,Delhi,"65,000",0
27,Female,Delhi,"60,000",0
47,Male,Pune,"35,000",1
49,Male,Pune,"55,000",1
45,Female,Mumbai,"85,000",1
38,Male,Pune,,1
53,Female,Mumbai,"20,000",1
51,Female,Pune,"30,000",1
32,Male,Delhi,"60,000",1
29,Female,Delhi,"85,000",0
34,Female,Delhi,"1,00,000",1
38,Male,Mumbai,"25,000",0
29,Female,Delhi,"60,000",0
58,,Mumbai,"30,000",1
32,Male,Mumbai,"35,000",0
39,Female,Mumbai,"40,000",1
33,Male,Delhi,"60,000",1
30,Female,Pune,"65,000",1
31,Female,Mumbai,"1,00,000",1
35,Female,Delhi,"60,000",1
19,Male,Pune,"95,000",1
46,Male,Pune,"85,000",1
52,Female,Pune,"65,000",1
32,Female,Delhi,"40,000",1
40,Male,Delhi,"20,000",1
34,Female,Delhi,"25,000",1
42,Female,Pune,"55,000",1
20,Female,Delhi,"45,000",1
18,Female,Mumbai,"70,000",0
53,Female,,"25,000",0
